Subject;target;target_face;target_name;target_val_face;target_val_name;target_inv_face;target_inv_name;target_face_att;target_name_att;target_val_face_att;target_val_name_att;target_inv_face_att;target_inv_name_att;target_face_exp;target_name_exp;target_val_face_exp;target_val_name_exp;target_inv_face_exp;target_inv_name_exp;cue;cue_face;cue_name;cue_face_att;cue_name_att;cue_face_exp;cue_name_exp;cue_att;cue_exp;loc_face;loc_name;loc_val_face;loc_val_name;loc_inv_face;loc_inv_name;loc_cue_face;loc_cue_name;loc_cue;cue_at_face_1_cb1;cue_at_face_1_cb2;cue_at_face_1_cb3;cue_at_face_1_cb4;cue_at_face_1_cb5;cue_at_face_1_cb6;cue_at_face_2_cb1;cue_at_face_2_cb2;cue_at_face_2_cb3;cue_at_face_2_cb4;cue_at_face_2_cb5;cue_at_face_2_cb6;cue_at_name_1_cb1;cue_at_name_1_cb2;cue_at_name_1_cb3;cue_at_name_1_cb4;cue_at_name_1_cb5;cue_at_name_1_cb6;cue_at_name_2_cb1;cue_at_name_2_cb2;cue_at_name_2_cb3;cue_at_name_2_cb4;cue_at_name_2_cb5;cue_at_name_2_cb6;cue_ex_face_1_cb1;cue_ex_face_1_cb2;cue_ex_face_1_cb3;cue_ex_face_1_cb4;cue_ex_face_1_cb5;cue_ex_face_1_cb6;cue_ex_face_2_cb1;cue_ex_face_2_cb2;cue_ex_face_2_cb3;cue_ex_face_2_cb4;cue_ex_face_2_cb5;cue_ex_face_2_cb6;cue_ex_name_1_cb1;cue_ex_name_1_cb2;cue_ex_name_1_cb3;cue_ex_name_1_cb4;cue_ex_name_1_cb5;cue_ex_name_1_cb6;cue_ex_name_2_cb1;cue_ex_name_2_cb2;cue_ex_name_2_cb3;cue_ex_name_2_cb4;cue_ex_name_2_cb5;cue_ex_name_2_cb6;cue_face_1_cb1;cue_face_1_cb2;cue_face_1_cb3;cue_face_1_cb4;cue_face_1_cb5;cue_face_1_cb6;cue_face_2_cb1;cue_face_2_cb2;cue_face_2_cb3;cue_face_2_cb4;cue_face_2_cb5;cue_face_2_cb6;cue_name_1_cb1;cue_name_1_cb2;cue_name_1_cb3;cue_name_1_cb4;cue_name_1_cb5;cue_name_1_cb6;cue_name_2_cb1;cue_name_2_cb2;cue_name_2_cb3;cue_name_2_cb4;cue_name_2_cb5;cue_name_2_cb6;cue_at_face_1_cb1_h1;cue_at_face_1_cb2_h1;cue_at_face_1_cb3_h1;cue_at_face_1_cb4_h1;cue_at_face_1_cb5_h1;cue_at_face_1_cb6_h1;cue_at_face_2_cb1_h1;cue_at_face_2_cb2_h1;cue_at_face_2_cb3_h1;cue_at_face_2_cb4_h1;cue_at_face_2_cb5_h1;cue_at_face_2_cb6_h1;cue_at_name_1_cb1_h1;cue_at_name_1_cb2_h1;cue_at_name_1_cb3_h1;cue_at_name_1_cb4_h1;cue_at_name_1_cb5_h1;cue_at_name_1_cb6_h1;cue_at_name_2_cb1_h1;cue_at_name_2_cb2_h1;cue_at_name_2_cb3_h1;cue_at_name_2_cb4_h1;cue_at_name_2_cb5_h1;cue_at_name_2_cb6_h1;cue_ex_face_1_cb1_h1;cue_ex_face_1_cb2_h1;cue_ex_face_1_cb3_h1;cue_ex_face_1_cb4_h1;cue_ex_face_1_cb5_h1;cue_ex_face_1_cb6_h1;cue_ex_face_2_cb1_h1;cue_ex_face_2_cb2_h1;cue_ex_face_2_cb3_h1;cue_ex_face_2_cb4_h1;cue_ex_face_2_cb5_h1;cue_ex_face_2_cb6_h1;cue_ex_name_1_cb1_h1;cue_ex_name_1_cb2_h1;cue_ex_name_1_cb3_h1;cue_ex_name_1_cb4_h1;cue_ex_name_1_cb5_h1;cue_ex_name_1_cb6_h1;cue_ex_name_2_cb1_h1;cue_ex_name_2_cb2_h1;cue_ex_name_2_cb3_h1;cue_ex_name_2_cb4_h1;cue_ex_name_2_cb5_h1;cue_ex_name_2_cb6_h1;cue_at_face_1_cb1_h2;cue_at_face_1_cb2_h2;cue_at_face_1_cb3_h2;cue_at_face_1_cb4_h2;cue_at_face_1_cb5_h2;cue_at_face_1_cb6_h2;cue_at_face_2_cb1_h2;cue_at_face_2_cb2_h2;cue_at_face_2_cb3_h2;cue_at_face_2_cb4_h2;cue_at_face_2_cb5_h2;cue_at_face_2_cb6_h2;cue_at_name_1_cb1_h2;cue_at_name_1_cb2_h2;cue_at_name_1_cb3_h2;cue_at_name_1_cb4_h2;cue_at_name_1_cb5_h2;cue_at_name_1_cb6_h2;cue_at_name_2_cb1_h2;cue_at_name_2_cb2_h2;cue_at_name_2_cb3_h2;cue_at_name_2_cb4_h2;cue_at_name_2_cb5_h2;cue_at_name_2_cb6_h2;cue_ex_face_1_cb1_h2;cue_ex_face_1_cb2_h2;cue_ex_face_1_cb3_h2;cue_ex_face_1_cb4_h2;cue_ex_face_1_cb5_h2;cue_ex_face_1_cb6_h2;cue_ex_face_2_cb1_h2;cue_ex_face_2_cb2_h2;cue_ex_face_2_cb3_h2;cue_ex_face_2_cb4_h2;cue_ex_face_2_cb5_h2;cue_ex_face_2_cb6_h2;cue_ex_name_1_cb1_h2;cue_ex_name_1_cb2_h2;cue_ex_name_1_cb3_h2;cue_ex_name_1_cb4_h2;cue_ex_name_1_cb5_h2;cue_ex_name_1_cb6_h2;cue_ex_name_2_cb1_h2;cue_ex_name_2_cb2_h2;cue_ex_name_2_cb3_h2;cue_ex_name_2_cb4_h2;cue_ex_name_2_cb5_h2;cue_ex_name_2_cb6_h2;cue_at_face_1_cb1_diff;cue_at_face_1_cb2_diff;cue_at_face_1_cb3_diff;cue_at_face_1_cb4_diff;cue_at_face_1_cb5_diff;cue_at_face_1_cb6_diff;cue_at_face_2_cb1_diff;cue_at_face_2_cb2_diff;cue_at_face_2_cb3_diff;cue_at_face_2_cb4_diff;cue_at_face_2_cb5_diff;cue_at_face_2_cb6_diff;cue_at_name_1_cb1_diff;cue_at_name_1_cb2_diff;cue_at_name_1_cb3_diff;cue_at_name_1_cb4_diff;cue_at_name_1_cb5_diff;cue_at_name_1_cb6_diff;cue_at_name_2_cb1_diff;cue_at_name_2_cb2_diff;cue_at_name_2_cb3_diff;cue_at_name_2_cb4_diff;cue_at_name_2_cb5_diff;cue_at_name_2_cb6_diff;cue_ex_face_1_cb1_diff;cue_ex_face_1_cb2_diff;cue_ex_face_1_cb3_diff;cue_ex_face_1_cb4_diff;cue_ex_face_1_cb5_diff;cue_ex_face_1_cb6_diff;cue_ex_face_2_cb1_diff;cue_ex_face_2_cb2_diff;cue_ex_face_2_cb3_diff;cue_ex_face_2_cb4_diff;cue_ex_face_2_cb5_diff;cue_ex_face_2_cb6_diff;cue_ex_name_1_cb1_diff;cue_ex_name_1_cb2_diff;cue_ex_name_1_cb3_diff;cue_ex_name_1_cb4_diff;cue_ex_name_1_cb5_diff;cue_ex_name_1_cb6_diff;cue_ex_name_2_cb1_diff;cue_ex_name_2_cb2_diff;cue_ex_name_2_cb3_diff;cue_ex_name_2_cb4_diff;cue_ex_name_2_cb5_diff;cue_ex_name_2_cb6_diff
S001_precond.set;;;;;;;;;;;;;;;;;;;;;;;;;;;;;;;;;;;;;;;;;;;;;;;;;;;;;;;;;;;;;;;;;;;;;;;;;;;;;;;;;;;;;;;;;;;;;;;;;;;;;;;;;;;;;;;;;;;;;;;;;;;;;;;;;;;;;;;;;;;;;;;;;;;;;;;;;;;;;;;;;;;;;;;;;;;;;;;;;;;;;;;;;;;;;;;;;;;;;;;;;;;;;;;;;;;;;;;;;;;;;;;;;;;;;;;;;;;;;;;;;;;;;;;;;;;;;
S002_precond.set;;;;;;;;;;;;;;;;;;;;;;;;;;;;;;;;;;;;;;;;;;;;;;;;;;;;;;;;;;;;;;;;;;;;;;;;;;;;;;;;;;;;;;;;;;;;;;;;;;;;;;;;;;;;;;;;;;;;;;;;;;;;;;;;;;;;;;;;;;;;;;;;;;;;;;;;;;;;;;;;;;;;;;;;;;;;;;;;;;;;;;;;;;;;;;;;;;;;;;;;;;;;;;;71;;;;;;30;;;;;;36;;;;;;32;;;;;;31;;;;;;25;;;;;;34;;;;;;27;;;;
S003_precond.set;;;;;;;;;;;;;;;;;;;;;;;;;;;;;;;;;;;;;;;;;;;;;;;;;;;;;;;;;;;;;;;;;;;;;;;;;;;;;;;;;;;;;;;;;;;;;;;;;;;;;;;;;;;;;;;;;;;;;;;;;;;;;;;;;;;;;;;;;;;;;;;;;;;;;;;;;;;;;;;;;;;;;;;;;;;;;;;;;;;;;;;;;;;;;;;;;;;;;;;;;;;;;;;;64;;;;;;32;;;;;;33;;;;;;32;;;;;;38;;;;;;36;;;;;;37;;;;;;33;;;
S004_precond.set;;;;;;;;;;;;;;;;;;;;;;;;;;;;;;;;;;;;;;;;;;;;;;;;;;;;;;;;;;;;;;;;;;;;;;;;;;;;;;;;;;;;;;;;;;;;;;;;;;;;;;;;;;;;;;;;;;;;;;;;;;;;;;;;;;;;;;;;;;;;;;;;;;;;;;;;;;;;;;;;;;;;;;;;;;;;;;;;;;;;;;;;;;;;;;;;;;;;;;;;;;;;;;;;;62;;;;;;32;;;;;;33;;;;;;32;;;;;;33;;;;;;31;;;;;;36;;;;;;34;;
S005_precond.set;;;;;;;;;;;;;;;;;;;;;;;;;;;;;;;;;;;;;;;;;;;;;;;;;;;;;;;;;;;;;;;;;;;;;;;;;;;;;;;;;;;;;;;;;;;;;;;;;;;;;;;;;;;;;;;;;;;;;;;;;;;;;;;;;;;;;;;;;;;;;;;;;;;;;;;;;;;;;;;;;;;;;;;;;;;;;;;;;;;;;;;;;;;;;;;;;;;;;;;;;;;;;;;;;;61;;;;;;31;;;;;;28;;;;;;34;;;;;;34;;;;;;30;;;;;;34;;;;;;29;
S006_precond.set;;;;;;;;;;;;;;;;;;;;;;;;;;;;;;;;;;;;;;;;;;;;;;;;;;;;;;;;;;;;;;;;;;;;;;;;;;;;;;;;;;;;;;;;;;;;;;;;;;;;;;;;;;;;;;;;;;;;;;;;;;;;;;;;;;;;;;;;;;;;;;;;;;;;;;;;;;;;;;;;;;;;;;;;;;;;;;;;;;;;;;;;;;;;;;;;;;;;;;;;;;;;;;;;;;;69;;;;;;36;;;;;;32;;;;;;37;;;;;;37;;;;;;30;;;;;;33;;;;;;31
S007_precond.set;;;;;;;;;;;;;;;;;;;;;;;;;;;;;;;;;;;;;;;;;;;;;;;;;;;;;;;;;;;;;;;;;;;;;;;;;;;;;;;;;;;;;;;;;;;;;;;;;;;;;;;;;;;;;;;;;;;;;;;;;;;;;;;;;;;;;;;;;;;;;;;;;;;;;;;;;;;;;;;;;;;;;;;;;;;;;;;;;;;;;;;;;;;;;;;;;;;;;;;;;;;;;;60;;;;;;36;;;;;;36;;;;;;33;;;;;;35;;;;;;32;;;;;;36;;;;;;34;;;;;
S008_precond.set;;;;;;;;;;;;;;;;;;;;;;;;;;;;;;;;;;;;;;;;;;;;;;;;;;;;;;;;;;;;;;;;;;;;;;;;;;;;;;;;;;;;;;;;;;;;;;;;;;;;;;;;;;;;;;;;;;;;;;;;;;;;;;;;;;;;;;;;;;;;;;;;;;;;;;;;;;;;;;;;;;;;;;;;;;;;;;;;;;;;;;;;;;;;;;;;;;;;;;;;;;;;;;;73;;;;;;38;;;;;;34;;;;;;35;;;;;;30;;;;;;34;;;;;;26;;;;;;38;;;;
S009_precond.set;;;;;;;;;;;;;;;;;;;;;;;;;;;;;;;;;;;;;;;;;;;;;;;;;;;;;;;;;;;;;;;;;;;;;;;;;;;;;;;;;;;;;;;;;;;;;;;;;;;;;;;;;;;;;;;;;;;;;;;;;;;;;;;;;;;;;;;;;;;;;;;;;;;;;;;;;;;;;;;;;;;;;;;;;;;;;;;;;;;;;;;;;;;;;;;;;;;;;;;;;;;;;;;;70;;;;;;37;;;;;;36;;;;;;36;;;;;;38;;;;;;37;;;;;;38;;;;;;37;;;
S010_precond.set;;;;;;;;;;;;;;;;;;;;;;;;;;;;;;;;;;;;;;;;;;;;;;;;;;;;;;;;;;;;;;;;;;;;;;;;;;;;;;;;;;;;;;;;;;;;;;;;;;;;;;;;;;;;;;;;;;;;;;;;;;;;;;;;;;;;;;;;;;;;;;;;;;;;;;;;;;;;;;;;;;;;;;;;;;;;;;;;;;;;;;;;;;;;;;;;;;;;;;;;;;;;;;;;;72;;;;;;36;;;;;;37;;;;;;34;;;;;;34;;;;;;26;;;;;;36;;;;;;35;;
S011_precond.set;;;;;;;;;;;;;;;;;;;;;;;;;;;;;;;;;;;;;;;;;;;;;;;;;;;;;;;;;;;;;;;;;;;;;;;;;;;;;;;;;;;;;;;;;;;;;;;;;;;;;;;;;;;;;;;;;;;;;;;;;;;;;;;;;;;;;;;;;;;;;;;;;;;;;;;;;;;;;;;;;;;;;;;;;;;;;;;;;;;;;;;;;;;;;;;;;;;;;;;;;;;;;;;;;;74;;;;;;37;;;;;;33;;;;;;35;;;;;;37;;;;;;30;;;;;;32;;;;;;33;
S012_precond.set;;;;;;;;;;;;;;;;;;;;;;;;;;;;;;;;;;;;;;;;;;;;;;;;;;;;;;;;;;;;;;;;;;;;;;;;;;;;;;;;;;;;;;;;;;;;;;;;;;;;;;;;;;;;;;;;;;;;;;;;;;;;;;;;;;;;;;;;;;;;;;;;;;;;;;;;;;;;;;;;;;;;;;;;;;;;;;;;;;;;;;;;;;;;;;;;;;;;;;;;;;;;;;;;;;;72;;;;;;36;;;;;;36;;;;;;36;;;;;;38;;;;;;33;;;;;;34;;;;;;30
S013_precond.set;;;;;;;;;;;;;;;;;;;;;;;;;;;;;;;;;;;;;;;;;;;;;;;;;;;;;;;;;;;;;;;;;;;;;;;;;;;;;;;;;;;;;;;;;;;;;;;;;;;;;;;;;;;;;;;;;;;;;;;;;;;;;;;;;;;;;;;;;;;;;;;;;;;;;;;;;;;;;;;;;;;;;;;;;;;;;;;;;;;;;;;;;;;;;;;;;;;;;;;;;;;;;;69;;;;;;35;;;;;;38;;;;;;35;;;;;;37;;;;;;35;;;;;;38;;;;;;38;;;;;
S014_precond.set;;;;;;;;;;;;;;;;;;;;;;;;;;;;;;;;;;;;;;;;;;;;;;;;;;;;;;;;;;;;;;;;;;;;;;;;;;;;;;;;;;;;;;;;;;;;;;;;;;;;;;;;;;;;;;;;;;;;;;;;;;;;;;;;;;;;;;;;;;;;;;;;;;;;;;;;;;;;;;;;;;;;;;;;;;;;;;;;;;;;;;;;;;;;;;;;;;;;;;;;;;;;;;;69;;;;;;36;;;;;;35;;;;;;36;;;;;;34;;;;;;32;;;;;;34;;;;;;34;;;;
S015_precond.set;;;;;;;;;;;;;;;;;;;;;;;;;;;;;;;;;;;;;;;;;;;;;;;;;;;;;;;;;;;;;;;;;;;;;;;;;;;;;;;;;;;;;;;;;;;;;;;;;;;;;;;;;;;;;;;;;;;;;;;;;;;;;;;;;;;;;;;;;;;;;;;;;;;;;;;;;;;;;;;;;;;;;;;;;;;;;;;;;;;;;;;;;;;;;;;;;;;;;;;;;;;;;;;;70;;;;;;38;;;;;;32;;;;;;32;;;;;;39;;;;;;36;;;;;;38;;;;;;37;;;
S016_precond.set;;;;;;;;;;;;;;;;;;;;;;;;;;;;;;;;;;;;;;;;;;;;;;;;;;;;;;;;;;;;;;;;;;;;;;;;;;;;;;;;;;;;;;;;;;;;;;;;;;;;;;;;;;;;;;;;;;;;;;;;;;;;;;;;;;;;;;;;;;;;;;;;;;;;;;;;;;;;;;;;;;;;;;;;;;;;;;;;;;;;;;;;;;;;;;;;;;;;;;;;;;;;;;;;;57;;;;;;32;;;;;;33;;;;;;28;;;;;;34;;;;;;31;;;;;;28;;;;;;30;;
S017_precond.set;;;;;;;;;;;;;;;;;;;;;;;;;;;;;;;;;;;;;;;;;;;;;;;;;;;;;;;;;;;;;;;;;;;;;;;;;;;;;;;;;;;;;;;;;;;;;;;;;;;;;;;;;;;;;;;;;;;;;;;;;;;;;;;;;;;;;;;;;;;;;;;;;;;;;;;;;;;;;;;;;;;;;;;;;;;;;;;;;;;;;;;;;;;;;;;;;;;;;;;;;;;;;;;;;;71;;;;;;33;;;;;;33;;;;;;39;;;;;;35;;;;;;31;;;;;;36;;;;;;31;
S018_precond.set;;;;;;;;;;;;;;;;;;;;;;;;;;;;;;;;;;;;;;;;;;;;;;;;;;;;;;;;;;;;;;;;;;;;;;;;;;;;;;;;;;;;;;;;;;;;;;;;;;;;;;;;;;;;;;;;;;;;;;;;;;;;;;;;;;;;;;;;;;;;;;;;;;;;;;;;;;;;;;;;;;;;;;;;;;;;;;;;;;;;;;;;;;;;;;;;;;;;;;;;;;;;;;;;;;;67;;;;;;38;;;;;;36;;;;;;31;;;;;;34;;;;;;37;;;;;;31;;;;;;35
S019_precond.set;;;;;;;;;;;;;;;;;;;;;;;;;;;;;;;;;;;;;;;;;;;;;;;;;;;;;;;;;;;;;;;;;;;;;;;;;;;;;;;;;;;;;;;;;;;;;;;;;;;;;;;;;;;;;;;;;;;;;;;;;;;;;;;;;;;;;;;;;;;;;;;;;;;;;;;;;;;;;;;;;;;;;;;;;;;;;;;;;;;;;;;;;;;;;;;;;;;;;;;;;;;;;;71;;;;;;36;;;;;;37;;;;;;38;;;;;;37;;;;;;34;;;;;;29;;;;;;35;;;;;
S020_precond.set;;;;;;;;;;;;;;;;;;;;;;;;;;;;;;;;;;;;;;;;;;;;;;;;;;;;;;;;;;;;;;;;;;;;;;;;;;;;;;;;;;;;;;;;;;;;;;;;;;;;;;;;;;;;;;;;;;;;;;;;;;;;;;;;;;;;;;;;;;;;;;;;;;;;;;;;;;;;;;;;;;;;;;;;;;;;;;;;;;;;;;;;;;;;;;;;;;;;;;;;;;;;;;;72;;;;;;33;;;;;;37;;;;;;36;;;;;;35;;;;;;36;;;;;;39;;;;;;35;;;;
S021_precond.set;;;;;;;;;;;;;;;;;;;;;;;;;;;;;;;;;;;;;;;;;;;;;;;;;;;;;;;;;;;;;;;;;;;;;;;;;;;;;;;;;;;;;;;;;;;;;;;;;;;;;;;;;;;;;;;;;;;;;;;;;;;;;;;;;;;;;;;;;;;;;;;;;;;;;;;;;;;;;;;;;;;;;;;;;;;;;;;;;;;;;;;;;;;;;;;;;;;;;;;;;;;;;;;;68;;;;;;34;;;;;;36;;;;;;35;;;;;;37;;;;;;30;;;;;;37;;;;;;33;;;
S022_precond.set;;;;;;;;;;;;;;;;;;;;;;;;;;;;;;;;;;;;;;;;;;;;;;;;;;;;;;;;;;;;;;;;;;;;;;;;;;;;;;;;;;;;;;;;;;;;;;;;;;;;;;;;;;;;;;;;;;;;;;;;;;;;;;;;;;;;;;;;;;;;;;;;;;;;;;;;;;;;;;;;;;;;;;;;;;;;;;;;;;;;;;;;;;;;;;;;;;;;;;;;;;;;;;;;;69;;;;;;30;;;;;;35;;;;;;34;;;;;;32;;;;;;35;;;;;;35;;;;;;31;;
S023_precond.set;;;;;;;;;;;;;;;;;;;;;;;;;;;;;;;;;;;;;;;;;;;;;;;;;;;;;;;;;;;;;;;;;;;;;;;;;;;;;;;;;;;;;;;;;;;;;;;;;;;;;;;;;;;;;;;;;;;;;;;;;;;;;;;;;;;;;;;;;;;;;;;;;;;;;;;;;;;;;;;;;;;;;;;;;;;;;;;;;;;;;;;;;;;;;;;;;;;;;;;;;;;;;;;;;;60;;;;;;34;;;;;;37;;;;;;33;;;;;;36;;;;;;30;;;;;;33;;;;;;37;
S024_precond.set;;;;;;;;;;;;;;;;;;;;;;;;;;;;;;;;;;;;;;;;;;;;;;;;;;;;;;;;;;;;;;;;;;;;;;;;;;;;;;;;;;;;;;;;;;;;;;;;;;;;;;;;;;;;;;;;;;;;;;;;;;;;;;;;;;;;;;;;;;;;;;;;;;;;;;;;;;;;;;;;;;;;;;;;;;;;;;;;;;;;;;;;;;;;;;;;;;;;;;;;;;;;;;;;;;;76;;;;;;36;;;;;;38;;;;;;40;;;;;;39;;;;;;33;;;;;;40;;;;;;38
S025_precond.set;;;;;;;;;;;;;;;;;;;;;;;;;;;;;;;;;;;;;;;;;;;;;;;;;;;;;;;;;;;;;;;;;;;;;;;;;;;;;;;;;;;;;;;;;;;;;;;;;;;;;;;;;;;;;;;;;;;;;;;;;;;;;;;;;;;;;;;;;;;;;;;;;;;;;;;;;;;;;;;;;;;;;;;;;;;;;;;;;;;;;;;;;;;;;;;;;;;;;;;;;;;;;;69;;;;;;39;;;;;;37;;;;;;33;;;;;;39;;;;;;32;;;;;;29;;;;;;33;;;;;
S026_precond.set;;;;;;;;;;;;;;;;;;;;;;;;;;;;;;;;;;;;;;;;;;;;;;;;;;;;;;;;;;;;;;;;;;;;;;;;;;;;;;;;;;;;;;;;;;;;;;;;;;;;;;;;;;;;;;;;;;;;;;;;;;;;;;;;;;;;;;;;;;;;;;;;;;;;;;;;;;;;;;;;;;;;;;;;;;;;;;;;;;;;;;;;;;;;;;;;;;;;;;;;;;;;;;;65;;;;;;34;;;;;;36;;;;;;36;;;;;;34;;;;;;30;;;;;;39;;;;;;33;;;;
S027_precond.set;;;;;;;;;;;;;;;;;;;;;;;;;;;;;;;;;;;;;;;;;;;;;;;;;;;;;;;;;;;;;;;;;;;;;;;;;;;;;;;;;;;;;;;;;;;;;;;;;;;;;;;;;;;;;;;;;;;;;;;;;;;;;;;;;;;;;;;;;;;;;;;;;;;;;;;;;;;;;;;;;;;;;;;;;;;;;;;;;;;;;;;;;;;;;;;;;;;;;;;;;;;;;;;;;;74;;;;;;37;;;;;;37;;;;;;37;;;;;;38;;;;;;38;;;;;;38;;;;;;36;
S028_precond.set;;;;;;;;;;;;;;;;;;;;;;;;;;;;;;;;;;;;;;;;;;;;;;;;;;;;;;;;;;;;;;;;;;;;;;;;;;;;;;;;;;;;;;;;;;;;;;;;;;;;;;;;;;;;;;;;;;;;;;;;;;;;;;;;;;;;;;;;;;;;;;;;;;;;;;;;;;;;;;;;;;;;;;;;;;;;;;;;;;;;;;;;;;;;;;;;;;;;;;;;;;;;;;;;;;;70;;;;;;36;;;;;;33;;;;;;37;;;;;;36;;;;;;34;;;;;;39;;;;;;36
S029_precond.set;;;;;;;;;;;;;;;;;;;;;;;;;;;;;;;;;;;;;;;;;;;;;;;;;;;;;;;;;;;;;;;;;;;;;;;;;;;;;;;;;;;;;;;;;;;;;;;;;;;;;;;;;;;;;;;;;;;;;;;;;;;;;;;;;;;;;;;;;;;;;;;;;;;;;;;;;;;;;;;;;;;;;;;;;;;;;;;;;;;;;;;;;;;;;;;;;;;;;;;;;;;;;;;;;;73;;;;;;39;;;;;;34;;;;;;40;;;;;;37;;;;;;34;;;;;;38;;;;;;38;
S030_precond.set;;;;;;;;;;;;;;;;;;;;;;;;;;;;;;;;;;;;;;;;;;;;;;;;;;;;;;;;;;;;;;;;;;;;;;;;;;;;;;;;;;;;;;;;;;;;;;;;;;;;;;;;;;;;;;;;;;;;;;;;;;;;;;;;;;;;;;;;;;;;;;;;;;;;;;;;;;;;;;;;;;;;;;;;;;;;;;;;;;;;;;;;;;;;;;;;;;;;;;;;;;;;;;;;;;;74;;;;;;39;;;;;;37;;;;;;36;;;;;;36;;;;;;34;;;;;;39;;;;;;30
S031_precond.set;;;;;;;;;;;;;;;;;;;;;;;;;;;;;;;;;;;;;;;;;;;;;;;;;;;;;;;;;;;;;;;;;;;;;;;;;;;;;;;;;;;;;;;;;;;;;;;;;;;;;;;;;;;;;;;;;;;;;;;;;;;;;;;;;;;;;;;;;;;;;;;;;;;;;;;;;;;;;;;;;;;;;;;;;;;;;;;;;;;;;;;;;;;;;;;;;;;;;;;;;;;;;;;;72;;;;;;37;;;;;;37;;;;;;39;;;;;;36;;;;;;36;;;;;;37;;;;;;29;;;
S032_precond.set;;;;;;;;;;;;;;;;;;;;;;;;;;;;;;;;;;;;;;;;;;;;;;;;;;;;;;;;;;;;;;;;;;;;;;;;;;;;;;;;;;;;;;;;;;;;;;;;;;;;;;;;;;;;;;;;;;;;;;;;;;;;;;;;;;;;;;;;;;;;;;;;;;;;;;;;;;;;;;;;;;;;;;;;;;;;;;;;;;;;;;;;;;;;;;;;;;;;;;;;;;;;;;;;;66;;;;;;35;;;;;;29;;;;;;34;;;;;;36;;;;;;33;;;;;;37;;;;;;34;;
S033_precond.set;;;;;;;;;;;;;;;;;;;;;;;;;;;;;;;;;;;;;;;;;;;;;;;;;;;;;;;;;;;;;;;;;;;;;;;;;;;;;;;;;;;;;;;;;;;;;;;;;;;;;;;;;;;;;;;;;;;;;;;;;;;;;;;;;;;;;;;;;;;;;;;;;;;;;;;;;;;;;;;;;;;;;;;;;;;;;;;;;;;;;;;;;;;;;;;;;;;;;;;;;;;;;;67;;;;;;38;;;;;;37;;;;;;37;;;;;;34;;;;;;38;;;;;;35;;;;;;32;;;;;
S034_precond.set;;;;;;;;;;;;;;;;;;;;;;;;;;;;;;;;;;;;;;;;;;;;;;;;;;;;;;;;;;;;;;;;;;;;;;;;;;;;;;;;;;;;;;;;;;;;;;;;;;;;;;;;;;;;;;;;;;;;;;;;;;;;;;;;;;;;;;;;;;;;;;;;;;;;;;;;;;;;;;;;;;;;;;;;;;;;;;;;;;;;;;;;;;;;;;;;;;;;;;;;;;;;;;;62;;;;;;38;;;;;;22;;;;;;37;;;;;;37;;;;;;40;;;;;;39;;;;;;35;;;;
S035_precond.set;;;;;;;;;;;;;;;;;;;;;;;;;;;;;;;;;;;;;;;;;;;;;;;;;;;;;;;;;;;;;;;;;;;;;;;;;;;;;;;;;;;;;;;;;;;;;;;;;;;;;;;;;;;;;;;;;;;;;;;;;;;;;;;;;;;;;;;;;;;;;;;;;;;;;;;;;;;;;;;;;;;;;;;;;;;;;;;;;;;;;;;;;;;;;;;;;;;;;;;;;;;;;;;;;;69;;;;;;36;;;;;;37;;;;;;40;;;;;;36;;;;;;38;;;;;;38;;;;;;37;
S036_precond.set;;;;;;;;;;;;;;;;;;;;;;;;;;;;;;;;;;;;;;;;;;;;;;;;;;;;;;;;;;;;;;;;;;;;;;;;;;;;;;;;;;;;;;;;;;;;;;;;;;;;;;;;;;;;;;;;;;;;;;;;;;;;;;;;;;;;;;;;;;;;;;;;;;;;;;;;;;;;;;;;;;;;;;;;;;;;;;;;;;;;;;;;;;;;;;;;;;;;;;;;;;;;;;;;;;;74;;;;;;35;;;;;;37;;;;;;37;;;;;;38;;;;;;38;;;;;;36;;;;;;38
S037_precond.set;;;;;;;;;;;;;;;;;;;;;;;;;;;;;;;;;;;;;;;;;;;;;;;;;;;;;;;;;;;;;;;;;;;;;;;;;;;;;;;;;;;;;;;;;;;;;;;;;;;;;;;;;;;;;;;;;;;;;;;;;;;;;;;;;;;;;;;;;;;;;;;;;;;;;;;;;;;;;;;;;;;;;;;;;;;;;;;;;;;;;;;;;;;;;;;;;;;;;;;;;;;;;;67;;;;;;36;;;;;;34;;;;;;38;;;;;;37;;;;;;34;;;;;;38;;;;;;37;;;;;
S038_precond.set;;;;;;;;;;;;;;;;;;;;;;;;;;;;;;;;;;;;;;;;;;;;;;;;;;;;;;;;;;;;;;;;;;;;;;;;;;;;;;;;;;;;;;;;;;;;;;;;;;;;;;;;;;;;;;;;;;;;;;;;;;;;;;;;;;;;;;;;;;;;;;;;;;;;;;;;;;;;;;;;;;;;;;;;;;;;;;;;;;;;;;;;;;;;;;;;;;;;;;;;;;;;;;;61;;;;;;37;;;;;;28;;;;;;33;;;;;;38;;;;;;29;;;;;;39;;;;;;30;;;;
S039_precond.set;;;;;;;;;;;;;;;;;;;;;;;;;;;;;;;;;;;;;;;;;;;;;;;;;;;;;;;;;;;;;;;;;;;;;;;;;;;;;;;;;;;;;;;;;;;;;;;;;;;;;;;;;;;;;;;;;;;;;;;;;;;;;;;;;;;;;;;;;;;;;;;;;;;;;;;;;;;;;;;;;;;;;;;;;;;;;;;;;;;;;;;;;;;;;;;;;;;;;;;;;;;;;;;;53;;;;;;34;;;;;;34;;;;;;33;;;;;;38;;;;;;33;;;;;;33;;;;;;33;;;
S040_precond.set;;;;;;;;;;;;;;;;;;;;;;;;;;;;;;;;;;;;;;;;;;;;;;;;;;;;;;;;;;;;;;;;;;;;;;;;;;;;;;;;;;;;;;;;;;;;;;;;;;;;;;;;;;;;;;;;;;;;;;;;;;;;;;;;;;;;;;;;;;;;;;;;;;;;;;;;;;;;;;;;;;;;;;;;;;;;;;;;;;;;;;;;;;;;;;;;;;;;;;;;;;;;;;;;;74;;;;;;34;;;;;;38;;;;;;36;;;;;;35;;;;;;38;;;;;;40;;;;;;39;;
S041_precond.set;;;;;;;;;;;;;;;;;;;;;;;;;;;;;;;;;;;;;;;;;;;;;;;;;;;;;;;;;;;;;;;;;;;;;;;;;;;;;;;;;;;;;;;;;;;;;;;;;;;;;;;;;;;;;;;;;;;;;;;;;;;;;;;;;;;;;;;;;;;;;;;;;;;;;;;;;;;;;;;;;;;;;;;;;;;;;;;;;;;;;;;;;;;;;;;;;;;;;;;;;;;;;;;;74;;;;;;33;;;;;;37;;;;;;34;;;;;;36;;;;;;34;;;;;;37;;;;;;38;;;
S042_precond.set;;;;;;;;;;;;;;;;;;;;;;;;;;;;;;;;;;;;;;;;;;;;;;;;;;;;;;;;;;;;;;;;;;;;;;;;;;;;;;;;;;;;;;;;;;;;;;;;;;;;;;;;;;;;;;;;;;;;;;;;;;;;;;;;;;;;;;;;;;;;;;;;;;;;;;;;;;;;;;;;;;;;;;;;;;;;;;;;;;;;;;;;;;;;;;;;;;;;;;;;;;;;;;;;;79;;;;;;38;;;;;;37;;;;;;37;;;;;;36;;;;;;39;;;;;;37;;;;;;36;;
S043_precond.set;;;;;;;;;;;;;;;;;;;;;;;;;;;;;;;;;;;;;;;;;;;;;;;;;;;;;;;;;;;;;;;;;;;;;;;;;;;;;;;;;;;;;;;;;;;;;;;;;;;;;;;;;;;;;;;;;;;;;;;;;;;;;;;;;;;;;;;;;;;;;;;;;;;;;;;;;;;;;;;;;;;;;;;;;;;;;;;;;;;;;;;;;;;;;;;;;;;;;;;;;;;;;;47;;;;;;25;;;;;;23;;;;;;21;;;;;;23;;;;;;24;;;;;;22;;;;;;23;;;;;
S044_precond.set;;;;;;;;;;;;;;;;;;;;;;;;;;;;;;;;;;;;;;;;;;;;;;;;;;;;;;;;;;;;;;;;;;;;;;;;;;;;;;;;;;;;;;;;;;;;;;;;;;;;;;;;;;;;;;;;;;;;;;;;;;;;;;;;;;;;;;;;;;;;;;;;;;;;;;;;;;;;;;;;;;;;;;;;;;;;;;;;;;;;;;;;;;;;;;;;;;;;;;;;;;;;;;;47;;;;;;29;;;;;;27;;;;;;23;;;;;;22;;;;;;28;;;;;;25;;;;;;22;;;;
S045_precond.set;;;;;;;;;;;;;;;;;;;;;;;;;;;;;;;;;;;;;;;;;;;;;;;;;;;;;;;;;;;;;;;;;;;;;;;;;;;;;;;;;;;;;;;;;;;;;;;;;;;;;;;;;;;;;;;;;;;;;;;;;;;;;;;;;;;;;;;;;;;;;;;;;;;;;;;;;;;;;;;;;;;;;;;;;;;;;;;;;;;;;;;;;;;;;;;;;;;;;;;;;;;;;;;;69;;;;;;39;;;;;;32;;;;;;34;;;;;;40;;;;;;36;;;;;;37;;;;;;37;;;
S046_precond.set;;;;;;;;;;;;;;;;;;;;;;;;;;;;;;;;;;;;;;;;;;;;;;;;;;;;;;;;;;;;;;;;;;;;;;;;;;;;;;;;;;;;;;;;;;;;;;;;;;;;;;;;;;;;;;;;;;;;;;;;;;;;;;;;;;;;;;;;;;;;;;;;;;;;;;;;;;;;;;;;;;;;;;;;;;;;;;;;;;;;;;;;;;;;;;;;;;;;;;;;;;;;;;;;;67;;;;;;36;;;;;;32;;;;;;36;;;;;;34;;;;;;34;;;;;;34;;;;;;39;;
S047_precond.set;;;;;;;;;;;;;;;;;;;;;;;;;;;;;;;;;;;;;;;;;;;;;;;;;;;;;;;;;;;;;;;;;;;;;;;;;;;;;;;;;;;;;;;;;;;;;;;;;;;;;;;;;;;;;;;;;;;;;;;;;;;;;;;;;;;;;;;;;;;;;;;;;;;;;;;;;;;;;;;;;;;;;;;;;;;;;;;;;;;;;;;;;;;;;;;;;;;;;;;;;;;;;;;;;;68;;;;;;25;;;;;;36;;;;;;40;;;;;;35;;;;;;32;;;;;;36;;;;;;34;
S048_precond.set;;;;;;;;;;;;;;;;;;;;;;;;;;;;;;;;;;;;;;;;;;;;;;;;;;;;;;;;;;;;;;;;;;;;;;;;;;;;;;;;;;;;;;;;;;;;;;;;;;;;;;;;;;;;;;;;;;;;;;;;;;;;;;;;;;;;;;;;;;;;;;;;;;;;;;;;;;;;;;;;;;;;;;;;;;;;;;;;;;;;;;;;;;;;;;;;;;;;;;;;;;;;;;;;;;;70;;;;;;35;;;;;;37;;;;;;36;;;;;;38;;;;;;30;;;;;;37;;;;;;35
